timestamp,open,high,low,close,volume
2025-04-15,158.5000,163.0800,145.0800,160.0900,86323844
2025-03-31,154.8200,159.5100,149.6500,158.7300,130267600
2025-02-28,128.9100,158.3900,128.2500,155.2800,137148869
2025-01-31,121.3400,131.3600,116.1200,130.2000,98268837
2024-12-31,132.4900,133.2000,119.3300,120.3500,102281361
2024-11-29,132.6600,133.4200,123.5550,133.0600,107421797
2024-10-31,121.5000,134.1500,117.5300,132.7000,111954052
2024-09-30,123.5700,128.2200,119.1600,121.4000,131217042
2024-08-30,115.7800,123.4500,113.1500,123.2900,104033467
2024-07-31,101.9800,116.2700,100.8000,115.1600,102584803
2024-06-28,101.2400,104.9000,98.9300,101.3300,100630116
2024-05-31,94.6400,101.5200,94.6304,101.3800,104041646
2024-04-30,91.4000,99.9000,87.8200,94.9400,146161433
2024-03-28,89.8300,95.9200,88.8600,91.6200,125941386
2024-02-29,91.2300,93.2950,88.3000,89.9600,101976612
2024-01-31,93.8200,96.8186,90.4750,90.8500,102701420
2023-12-29,93.3300,96.5800,90.1500,94.0800,105538356
2023-11-30,89.5600,94.4902,88.5372,93.3600,89389637
2023-10-31,92.3000,95.3900,87.2300,89.1600,93298672
2023-09-29,96.7400,98.5200,90.0700,92.5800,86485411
2023-08-31,100.0000,100.1580,92.8700,96.0600,61671856
2023-07-31,98.0000,100.7000,95.8100,99.7200,89836965
2023-06-30,90.1400,98.2100,89.5800,97.6200,94355076
2023-05-31,99.7500,100.7900,89.0900,90.0100,96298144
2023-04-28,97.2200,101.9150,95.9600,99.9700,71652323
2023-03-31,99.0000,100.5300,90.0800,97.2500,125617543
2023-02-28,104.5000,105.6200,96.5400,97.3000,71765053
2023-01-31,101.5100,104.5900,98.6500,104.2400,94519964
2022-12-30,100.0600,104.3100,99.5000,101.2100,130405306
2022-11-30,92.2600,99.8800,88.1700,99.6700,78498368
2022-10-31,84.1700,93.1440,83.7400,91.8500,99199412
2022-09-30,95.4500,98.2300,82.8500,83.0100,100445948
2022-08-31,97.4500,102.1900,95.1800,95.4900,75913741
2022-07-29,98.6500,99.9600,88.2700,97.1500,100538028
2022-06-30,106.4800,107.7200,96.2600,98.7400,117800233
2022-05-31,101.3900,109.8100,96.4900,106.2500,123741928
2022-04-29,94.9600,105.7400,94.5900,100.0000,111207796
2022-03-31,101.0700,103.4900,88.3700,93.9400,162690958
2022-02-28,102.9000,112.4800,100.0700,101.0700,135265194
2022-01-31,94.8900,103.7493,94.4400,102.8500,123514854
2021-12-31,86.9800,95.1850,86.6600,95.0000,119481746
2021-11-30,94.6400,95.9400,85.6400,85.9400,92803918
2021-10-29,95.1700,99.7299,94.3100,94.5400,83391729
2021-09-30,103.1500,106.5100,94.3700,94.7900,99490687
2021-08-31,100.6400,103.6300,98.5800,103.0000,58854220
2021-07-30,99.2100,100.6300,93.9400,100.0900,79054576
2021-06-30,97.0100,100.9500,96.0800,99.1100,126389347
2021-05-28,95.5100,98.6200,94.5950,96.4300,72713784
2021-04-30,88.4200,95.6000,87.3300,95.0000,98505402
2021-03-31,84.7300,91.2500,84.3020,88.7400,114646505
2021-02-26,79.0000,88.1900,78.3400,84.0200,88900131
2021-01-29,82.8200,83.7500,79.4400,79.6500,92495136
2020-12-31,76.0200,86.6100,75.6900,82.7900,132252530
2020-11-30,71.9400,79.2100,70.1250,75.7500,96817800
2020-10-30,74.7000,79.8900,68.9300,71.0200,105040033
2020-09-30,79.1400,82.5900,74.3000,74.9900,91460835
2020-08-31,76.5300,81.2200,75.9300,79.7900,71281004
2020-07-31,70.1300,79.3500,69.3700,76.8100,110101932
2020-06-30,73.3500,77.7800,68.3700,70.0600,114233346
2020-05-29,74.5500,75.0000,66.8500,73.3600,106178168
2020-04-30,69.7700,78.8700,69.2800,74.6000,126501111
2020-03-31,81.6100,89.1800,56.0100,72.9600,202880689
2020-02-28,82.6400,90.1700,77.7300,81.8700,108419047
2020-01-31,85.5100,89.1300,82.2700,82.7000,102804433
2019-12-31,82.5500,87.0800,81.4000,85.0900,93753791
2019-11-29,81.8300,85.6000,81.5500,82.9300,89287507
2019-10-31,76.2100,82.4500,75.8100,81.4400,116072447
2019-09-30,72.0000,77.8800,70.5700,75.9300,162616056
2019-08-30,84.3000,86.0500,69.2700,72.0900,171205344
2019-07-31,78.8000,89.9800,77.8300,83.6100,104252143
2019-06-28,77.5100,79.4900,75.5800,78.5300,116326604
2019-05-31,87.0500,87.5700,76.9900,77.1300,81403178
2019-04-30,88.3800,89.0900,82.4500,86.5600,100043010
2019-03-29,87.4200,92.7400,85.9500,88.3900,120310893
2019-02-28,77.0300,87.7000,75.2600,86.9400,112312211
2019-01-31,66.1300,77.1000,65.7350,76.7200,157198023
2018-12-31,86.5300,88.5200,64.6700,66.7600,168983551
2018-11-30,88.3300,90.8800,82.8300,86.5300,110103404
2018-10-31,81.4100,92.6900,80.4500,88.0700,151642244
2018-09-28,78.0000,83.8600,77.1700,81.5400,106004724
2018-08-31,86.0300,87.4400,77.4800,77.8900,107635108
2018-07-31,80.6200,86.9700,76.5200,86.3000,131156702
2018-06-29,79.4500,82.1400,76.2100,80.7400,144741193
2018-05-31,81.4000,83.0400,78.6100,79.5400,135047146
2018-04-30,99.5900,103.5500,80.4700,82.0000,178274969
2018-03-29,103.6700,109.9000,95.5100,99.4000,112162948
2018-02-28,107.0400,107.5800,96.6600,103.5500,115821369
2018-01-31,105.8200,111.2500,103.0200,107.2300,100836579
2017-12-29,103.2700,110.2700,102.1500,105.6500,90800677
2017-11-30,104.7800,105.0000,101.5800,102.7500,86721193
2017-10-31,111.2300,115.2800,104.2600,104.6400,90712612
2017-09-29,117.1700,119.4250,110.9400,111.0100,68246329
2017-08-31,117.0100,118.2900,113.8800,116.9300,77183682
2017-07-31,117.8600,121.6900,109.3100,116.7100,87949207
2017-06-30,120.0000,123.5500,116.7300,117.4500,76935636
2017-05-31,111.0000,121.1100,109.9500,119.8000,72401394
2017-04-28,112.9100,115.6300,108.5600,110.8400,88735941
2017-03-31,109.0000,114.6500,108.6810,112.9000,107867973
2017-02-28,95.6100,109.9900,95.2000,109.3500,91399208
2017-01-31,91.7900,96.9700,89.9700,96.1300,88219928
2016-12-30,87.8500,92.6300,86.7800,91.4900,91998852
2016-11-30,96.6300,98.2100,86.9000,88.2800,134199287
2016-10-31,97.3500,98.0100,95.0000,96.4400,83318069
2016-09-30,99.8000,102.3800,97.1200,97.2200,91022479
2016-08-31,99.7400,100.5800,98.2400,99.9300,78006298
2016-07-29,102.3000,104.2000,96.9500,100.2600,96471984
2016-06-30,98.4800,102.0100,96.8900,101.7200,114712316
2016-05-31,98.4200,102.5500,97.2000,98.6800,73212986
2016-04-29,97.7700,102.0000,95.9100,98.1200,93010301
2016-03-31,91.6000,99.5300,90.7900,98.1100,107399242
2016-02-29,89.7900,92.8700,87.4200,91.0300,95730437
2016-01-29,86.8500,90.2400,84.4600,90.0100,104388922
2015-12-31,87.4400,90.2700,85.7400,87.9100,92965699
2015-11-30,88.7300,88.9800,83.2700,87.3900,67470536
2015-10-30,79.6800,90.0800,78.4100,88.4000,91667385
2015-09-30,78.0000,83.0500,77.0000,79.3300,91209570
2015-08-31,85.5000,86.3400,76.5400,79.8000,84312965
2015-07-31,80.3600,86.5050,80.1000,85.5300,80946026
2015-06-30,82.9000,83.6600,79.3800,80.1700,95640487
2015-05-29,83.4700,86.9100,82.5600,83.0700,70040830
2015-04-30,75.2700,85.7500,75.2700,83.4700,128982548
2015-03-31,82.8800,83.2200,75.3000,75.3300,132553460
2015-02-27,80.2400,83.8600,80.0600,82.9600,85348572
2015-01-30,81.6000,85.2900,79.8600,80.2400,118505705
2014-12-31,86.3700,87.6800,81.1600,81.4500,101422313
2014-11-28,88.8500,90.2500,85.4900,86.9300,76975898
2014-10-31,83.2500,89.2401,81.9000,89.0100,113267369
2014-09-30,85.3000,86.0700,82.2800,83.4000,98113464
2014-08-29,81.9900,85.6900,81.1900,85.5800,58734024
2014-07-31,84.3500,86.8500,82.0000,82.0100,92184600
2014-06-30,88.3300,91.6300,84.0500,84.3100,111587100
2014-05-30,85.4900,88.8000,84.8200,88.5400,80180200
2014-04-30,81.7400,85.8310,81.7000,85.4300,104308200
2014-03-31,80.2500,81.9450,78.7900,81.8700,106948700
2014-02-28,78.0900,81.6000,75.2800,80.9100,117411700
2014-01-31,87.0000,87.2000,77.1900,78.1400,136015900
2013-12-31,85.3300,87.3400,83.8100,87.1300,99812100
2013-11-29,89.3600,91.8100,84.8600,85.5400,102889500
2013-10-31,86.7300,90.6600,84.1600,89.1200,110473000
2013-09-30,83.8300,91.2500,83.1600,86.5900,113585800
2013-08-30,89.6100,89.9000,82.8600,83.4400,94747300
2013-07-31,87.1100,91.4000,86.5800,89.1800,97688900
2013-06-28,90.9500,93.1700,86.0500,86.6200,119759300
2013-05-31,95.3200,96.7300,90.8900,90.9100,115908400
2013-04-30,92.7400,96.6000,90.7000,95.5900,99218600
2013-03-28,91.6900,92.9400,90.0372,92.7100,108999200
2013-02-28,88.9200,93.6100,86.8000,91.7500,94565700
2013-01-31,84.7000,90.2900,84.3300,88.1600,106238400
2012-12-31,90.0100,90.4900,82.4395,83.6400,106731900
2012-11-30,88.9700,90.8400,82.1000,89.8800,110799000
2012-10-31,90.2700,94.1332,87.4000,88.5600,92848000
2012-09-28,89.4400,92.5900,86.1100,89.9400,134386400
2012-08-31,91.4500,93.6000,88.2800,89.3000,90812000
2012-07-31,87.3400,91.8100,86.8300,91.4400,99888800
2012-06-29,83.1600,88.9350,81.1000,87.2600,122184900
2012-05-31,89.3100,91.0500,83.7800,84.5100,112116200
2012-04-30,88.8600,90.6300,86.1000,89.5100,113298100
2012-03-30,83.5000,88.8600,82.9100,88.6100,118464900
2012-02-29,75.1900,84.3000,75.1500,83.5200,105317700
2012-01-31,79.1600,79.9600,72.8500,74.7700,124239100
2011-12-30,76.1000,79.4200,74.3900,78.4800,115149500
2011-11-30,68.1800,76.4000,67.7500,76.2400,132014400
2011-10-31,62.2400,72.4900,60.4500,69.8700,174761100
2011-09-30,69.4200,70.0700,62.3200,62.3800,219327000
2011-08-31,71.6200,71.6600,64.2300,69.3200,233093800
2011-07-29,66.6600,72.7400,66.1700,71.1700,124137100
2011-06-30,71.7000,71.7500,64.6800,66.7700,150506200
2011-05-31,69.8100,71.7500,67.8400,71.7500,132389600
2011-04-29,65.8700,69.7900,64.4900,69.4400,119448500
2011-03-31,63.0600,65.9200,61.3500,65.6300,171779900
2011-02-28,57.5200,63.1200,57.3300,62.7800,112672100
2011-01-31,58.8800,58.9900,55.8500,57.2400,142677900
2010-12-31,57.3700,60.1400,56.7100,58.5300,131809500
2010-11-30,58.6100,60.8700,56.7500,56.8900,151210900
2010-10-29,56.0400,59.8500,55.1000,58.5100,146381600
2010-09-30,51.8800,57.1100,51.8800,56.0200,151489800
2010-08-31,51.4700,53.2400,50.5400,51.3600,154365400
2010-07-30,45.7700,51.5500,45.5500,51.0400,156133600
2010-06-30,43.7700,47.0800,42.9400,45.8400,240063200
2010-05-28,49.3200,49.7500,42.9700,44.1200,227720100
2010-04-30,52.2400,53.9100,48.2200,49.0800,147152700
2010-03-31,49.0500,53.0700,48.7900,52.1600,165378400
2010-02-26,45.7400,50.4100,45.0100,48.9800,167471200
2010-01-29,48.3300,50.2000,45.4300,45.5100,137751700
2009-12-31,48.5300,50.5400,48.1200,48.1900,176290800
2009-11-30,47.3800,50.9800,47.0800,48.0900,147841300
2009-10-30,48.6800,52.3500,47.0700,47.3600,176938100
2009-09-30,45.6700,49.9500,45.0000,48.7400,161300700
2009-08-31,47.0300,47.8900,45.0300,45.7100,138815800
2009-07-31,43.9000,48.6300,42.0180,46.6000,167317300
2009-06-30,42.6800,45.4400,41.1500,43.6200,218092100
2009-05-29,36.2800,43.7000,36.1801,42.6400,180974400
2009-04-30,35.2200,38.9600,35.1500,36.2000,197184900
2009-03-31,32.7900,39.2800,32.0400,35.5800,275644800
2009-02-27,36.6800,38.7100,33.4200,33.4700,250174200
2009-01-30,43.4700,45.0200,36.9900,37.1500,202378900
2008-12-31,40.9100,44.5000,39.0000,43.5100,234520600
2008-11-28,43.2300,46.4700,36.0000,42.1600,232665000
2008-10-31,47.9600,51.9500,33.3000,43.4700,346357500
2008-09-30,53.7500,55.7300,46.8000,48.1000,252888100
2008-08-29,51.7500,56.2600,51.2800,53.7000,149527200
2008-07-31,49.0300,54.4300,48.7300,51.6500,186814100
2008-06-30,52.1500,52.7500,48.5300,49.3900,196787300
2008-05-30,50.8300,53.9500,50.4000,52.6600,148768600
2008-04-30,51.1100,52.4300,47.4300,51.0300,229897200
